{
"lengthUnit": "mil",
"components": {
	"fields": ["COMPONENT_NO", "COMPONENT_NAME", "LAYER", "X_COORDINATE", "Y_COORDINATE", "ANGLE"],
	"rows": [
		[1, "CN1", "T", 1382.76, -305, 270],
		[2, "H1", "T", 1381, -707.72, 270],
		[3, "U1", "T", 707.07, -859.35, 0],
		[4, "U2", "T", 1380, -1285, 270]
	]
},
"pins": {
	"fields": ["PIN_NO", "PIN_NAME", "PIN_X", "PIN_Y", "LAYER", "PIN_TYPE", "NET_NAME", "NET_TYPE", "PAD_SHAPE", "PAD_SIZEX", "PAD_SIZEY", "HOLE_SIZE", "PAD_ANGLE"],
	"rows": [
		[1, "CN1_1", 1382.76, -280.39, "T", "DIP", "$1N376", "", "C", 35.43, 35.43, 19.69, 270],
		[2, "CN1_1", 1382.76, -280.39, "B", "DIP", "$1N376", "", "C", 35.43, 35.43, 19.69, 270],
		[3, "CN1_2", 1382.76, -329.6, "T", "DIP", "$1N384", "", "C", 35.43, 35.43, 19.69, 270],
		[4, "CN1_2", 1382.76, -329.6, "B", "DIP", "$1N384", "", "C", 35.43, 35.43, 19.69, 270],
		[5, "H1_1", 1381, -557.72, "T", "DIP", "$1N376", "", "R", 66.93, 66.93, 43.31, 270],
		[6, "H1_1", 1381, -557.72, "B", "DIP", "$1N376", "", "R", 66.93, 66.93, 43.31, 270],
		[7, "H1_2", 1381, -657.72, "T", "DIP", "$1N358", "", "C", 66.93, 66.93, 43.31, 270],
		[8, "H1_2", 1381, -657.72, "B", "DIP", "$1N358", "", "C", 66.93, 66.93, 43.31, 270],
		[9, "H1_3", 1381, -757.72, "T", "DIP", "$1N364", "", "C", 66.93, 66.93, 43.31, 270],
		[10, "H1_3", 1381, -757.72, "B", "DIP", "$1N364", "", "C", 66.93, 66.93, 43.31, 270],
		[11, "H1_4", 1381, -857.72, "T", "DIP", "$1N384", "", "C", 66.93, 66.93, 43.31, 270],
		[12, "H1_4", 1381, -857.72, "B", "DIP", "$1N384", "", "C", 66.93, 66.93, 43.31, 270],
		[13, "U1_1", 1157.07, -509.35, "T", "DIP", "U1_1", "", "C", 59.37, 59.37, 39.37, 0],
		[14, "U1_1", 1157.07, -509.35, "B", "DIP", "U1_1", "", "C", 59.37, 59.37, 39.37, 0],
		[15, "U1_2", 1157.07, -609.35, "T", "DIP", "U1_2", "", "C", 59.37, 59.37, 39.37, 0],
		[16, "U1_2", 1157.07, -609.35, "B", "DIP", "U1_2", "", "C", 59.37, 59.37, 39.37, 0],
		[17, "U1_3", 1157.07, -709.35, "T", "DIP", "U1_3", "", "C", 59.37, 59.37, 39.37, 0],
		[18, "U1_3", 1157.07, -709.35, "B", "DIP", "U1_3", "", "C", 59.37, 59.37, 39.37, 0],
		[19, "U1_4", 1157.07, -809.35, "T", "DIP", "U1_4", "", "C", 59.37, 59.37, 39.37, 0],
		[20, "U1_4", 1157.07, -809.35, "B", "DIP", "U1_4", "", "C", 59.37, 59.37, 39.37, 0],
		[21, "U1_5", 1157.07, -909.35, "T", "DIP", "U1_5", "", "C", 59.37, 59.37, 39.37, 0],
		[22, "U1_5", 1157.07, -909.35, "B", "DIP", "U1_5", "", "C", 59.37, 59.37, 39.37, 0],
		[23, "U1_6", 1157.07, -1009.35, "T", "DIP", "$1N358", "", "C", 59.37, 59.37, 39.37, 0],
		[24, "U1_6", 1157.07, -1009.35, "B", "DIP", "$1N358", "", "C", 59.37, 59.37, 39.37, 0],
		[25, "U1_7", 1157.07, -1109.35, "T", "DIP", "$1N384", "", "C", 59.37, 59.37, 39.37, 0],
		[26, "U1_7", 1157.07, -1109.35, "B", "DIP", "$1N384", "", "C", 59.37, 59.37, 39.37, 0],
		[27, "U1_8", 1157.07, -1209.35, "T", "DIP", "$1N376", "", "C", 59.37, 59.37, 39.37, 0],
		[28, "U1_8", 1157.07, -1209.35, "B", "DIP", "$1N376", "", "C", 59.37, 59.37, 39.37, 0],
		[29, "U1_9", 257.07, -509.35, "T", "DIP", "U1_9", "", "C", 59.37, 59.37, 39.37, 0],
		[30, "U1_9", 257.07, -509.35, "B", "DIP", "U1_9", "", "C", 59.37, 59.37, 39.37, 0],
		[31, "U1_10", 257.07, -609.35, "T", "DIP", "U1_10", "", "C", 59.37, 59.37, 39.37, 0],
		[32, "U1_10", 257.07, -609.35, "B", "DIP", "U1_10", "", "C", 59.37, 59.37, 39.37, 0],
		[33, "U1_11", 257.07, -709.35, "T", "DIP", "U1_11", "", "C", 59.37, 59.37, 39.37, 0],
		[34, "U1_11", 257.07, -709.35, "B", "DIP", "U1_11", "", "C", 59.37, 59.37, 39.37, 0],
		[35, "U1_12", 257.07, -809.35, "T", "DIP", "$1N391", "", "C", 59.37, 59.37, 39.37, 0],
		[36, "U1_12", 257.07, -809.35, "B", "DIP", "$1N391", "", "C", 59.37, 59.37, 39.37, 0],
		[37, "U1_13", 257.07, -909.35, "T", "DIP", "$1N397", "", "C", 59.37, 59.37, 39.37, 0],
		[38, "U1_13", 257.07, -909.35, "B", "DIP", "$1N397", "", "C", 59.37, 59.37, 39.37, 0],
		[39, "U1_14", 257.07, -1009.35, "T", "DIP", "$1N404", "", "C", 59.37, 59.37, 39.37, 0],
		[40, "U1_14", 257.07, -1009.35, "B", "DIP", "$1N404", "", "C", 59.37, 59.37, 39.37, 0],
		[41, "U1_15", 257.07, -1109.35, "T", "DIP", "$1N364", "", "C", 59.37, 59.37, 39.37, 0],
		[42, "U1_15", 257.07, -1109.35, "B", "DIP", "$1N364", "", "C", 59.37, 59.37, 39.37, 0],
		[43, "U1_16", 257.07, -1209.35, "T", "DIP", "U1_16", "", "C", 59.37, 59.37, 39.37, 0],
		[44, "U1_16", 257.07, -1209.35, "B", "DIP", "U1_16", "", "C", 59.37, 59.37, 39.37, 0],
		[45, "U2_1", 1380, -1085, "T", "DIP", "$1N376", "", "R", 62.99, 62.99, 39.37, 90],
		[46, "U2_1", 1380, -1085, "B", "DIP", "$1N376", "", "R", 62.99, 62.99, 39.37, 90],
		[47, "U2_2", 1380, -1185, "T", "DIP", "$1N384", "", "C", 62.99, 62.99, 39.37, 90],
		[48, "U2_2", 1380, -1185, "B", "DIP", "$1N384", "", "C", 62.99, 62.99, 39.37, 90],
		[49, "U2_3", 1380, -1285, "T", "DIP", "$1N391", "", "C", 62.99, 62.99, 39.37, 270],
		[50, "U2_3", 1380, -1285, "B", "DIP", "$1N391", "", "C", 62.99, 62.99, 39.37, 270],
		[51, "U2_4", 1380, -1385, "T", "DIP", "$1N397", "", "C", 62.99, 62.99, 39.37, 270],
		[52, "U2_4", 1380, -1385, "B", "DIP", "$1N397", "", "C", 62.99, 62.99, 39.37, 270],
		[53, "U2_5", 1380, -1485, "T", "DIP", "$1N404", "", "C", 62.99, 62.99, 39.37, 270],
		[54, "U2_5", 1380, -1485, "B", "DIP", "$1N404", "", "C", 62.99, 62.99, 39.37, 270]
	]
}
}